UserId,ProductId,Rating,Timestamp,ProductCategory
User916,D021,4,2024-11-07 19:23:00,Heavy-duty
User456,D027,1,2024-11-25 22:06:00,Budget
User490,D011,4,2024-11-10 20:50:00,Scented
User371,D021,3,2024-11-13 13:48:00,Organic
User655,D042,1,2024-11-19 16:03:00,Budget
User769,D034,5,2024-11-11 11:33:00,Scented
User317,D046,2,2024-11-14 21:22:00,Budget
User888,D046,5,2024-11-19 16:44:00,Natural
User513,D040,5,2024-11-26 17:45:00,Heavy-duty
User798,D048,3,2024-11-27 20:20:00,Organic
User768,D049,5,2024-11-08 13:54:00,Premium
User234,D007,1,2024-11-07 11:13:00,Budget
User1166,D030,2,2024-11-17 19:03:00,Anti-bacterial
User402,D037,5,2024-11-23 12:47:00,Anti-bacterial
User948,D013,5,2024-11-22 14:55:00,Scented
User544,D021,1,2024-11-30 23:00:00,Budget
User1141,D048,4,2024-11-09 16:06:00,Budget
User872,D050,3,2024-11-21 17:04:00,Budget
User467,D026,3,2024-11-28 20:47:00,Eco-friendly
User1123,D001,3,2024-11-04 15:25:00,Scented
User550,D036,4,2024-11-28 16:44:00,Eco-friendly
User620,D006,5,2024-11-14 18:07:00,Eco-friendly
User1164,D032,5,2024-11-03 16:03:00,Organic
User950,D012,5,2024-11-02 21:36:00,Natural
User552,D022,5,2024-11-05 13:03:00,Organic
User328,D011,1,2024-11-06 18:12:00,Premium
User770,D043,4,2024-11-13 18:51:00,Organic
User410,D008,4,2024-11-15 10:50:00,Premium
User1124,D026,5,2024-11-27 23:38:00,Natural
User223,D046,4,2024-11-21 10:54:00,Premium
User546,D011,5,2024-11-24 18:57:00,Organic
User297,D028,2,2024-11-04 10:43:00,Anti-bacterial
User555,D019,3,2024-11-10 20:18:00,Budget
User1070,D035,5,2024-11-08 23:24:00,Heavy-duty
User1149,D028,1,2024-11-06 21:27:00,Eco-friendly
User970,D039,3,2024-11-29 21:06:00,Anti-bacterial
User623,D035,1,2024-11-09 22:19:00,Heavy-duty
User749,D012,5,2024-11-04 18:42:00,Anti-bacterial
User565,D019,4,2024-11-03 16:37:00,Heavy-duty
User741,D039,2,2024-11-03 17:21:00,Scented
User1064,D023,1,2024-11-17 22:19:00,Anti-bacterial
User688,D009,4,2024-11-04 23:46:00,Natural
User951,D004,2,2024-11-27 13:10:00,Budget
User593,D043,3,2024-11-21 17:11:00,Eco-friendly
User971,D023,1,2024-11-05 12:34:00,Anti-bacterial
User1080,D007,4,2024-11-10 17:43:00,Natural
User301,D018,3,2024-11-22 12:21:00,Anti-bacterial
User791,D039,3,2024-11-28 14:48:00,Organic
User309,D040,2,2024-11-05 22:08:00,Heavy-duty
User266,D037,3,2024-11-24 21:20:00,Budget
User1141,D014,5,2024-11-24 21:08:00,Heavy-duty
User843,D018,5,2024-11-01 12:18:00,Heavy-duty
User203,D039,3,2024-11-29 21:38:00,Natural
User393,D007,3,2024-11-04 22:49:00,Natural
User694,D009,1,2024-11-25 10:04:00,Eco-friendly
User854,D032,3,2024-11-03 12:17:00,Premium
User679,D022,1,2024-11-13 12:25:00,Organic
User1074,D037,5,2024-11-03 11:40:00,Anti-bacterial
User1015,D017,5,2024-11-04 10:17:00,Organic
User344,D002,2,2024-11-17 12:45:00,Heavy-duty
User252,D042,1,2024-11-13 23:11:00,Premium
User957,D034,2,2024-11-15 14:35:00,Natural
User292,D011,4,2024-11-10 10:00:00,Premium
User240,D004,5,2024-11-23 20:36:00,Premium
User383,D048,3,2024-11-02 14:00:00,Anti-bacterial
User985,D046,5,2024-11-02 23:45:00,Eco-friendly
User1081,D008,5,2024-11-26 10:19:00,Organic
User1106,D034,5,2024-11-02 10:48:00,Scented
User267,D050,3,2024-11-02 20:16:00,Premium
User1055,D023,5,2024-11-25 21:18:00,Natural
User553,D045,4,2024-11-15 23:53:00,Premium
User326,D003,2,2024-11-29 12:04:00,Anti-bacterial
User405,D001,2,2024-11-06 13:54:00,Anti-bacterial
User1062,D042,2,2024-11-04 17:35:00,Scented
User1080,D037,5,2024-11-02 15:52:00,Budget
User509,D036,4,2024-11-30 15:12:00,Premium
User1011,D018,1,2024-11-19 17:12:00,Scented
User636,D005,3,2024-11-11 20:20:00,Anti-bacterial
User668,D029,5,2024-11-17 15:06:00,Eco-friendly
User659,D007,3,2024-11-19 14:21:00,Eco-friendly
User848,D025,2,2024-11-15 13:56:00,Natural
User559,D012,5,2024-11-16 20:40:00,Premium
User550,D002,2,2024-11-24 20:54:00,Organic
User828,D033,4,2024-11-17 14:17:00,Premium
User821,D013,2,2024-11-09 21:06:00,Organic
User588,D046,2,2024-11-09 10:42:00,Budget
User384,D026,5,2024-11-28 18:39:00,Heavy-duty
User241,D023,5,2024-11-02 12:45:00,Premium
User1114,D011,5,2024-11-29 14:17:00,Organic
User778,D009,5,2024-11-06 15:21:00,Premium
User333,D036,2,2024-11-12 16:11:00,Heavy-duty
User240,D001,4,2024-11-13 10:33:00,Budget
User811,D037,1,2024-11-26 19:52:00,Heavy-duty
User334,D020,3,2024-11-20 10:34:00,Organic
User922,D032,5,2024-11-17 11:56:00,Eco-friendly
User549,D025,4,2024-11-06 16:47:00,Anti-bacterial
User512,D048,5,2024-11-24 13:00:00,Premium
User526,D034,3,2024-11-16 22:15:00,Heavy-duty
User261,D041,3,2024-11-25 10:18:00,Premium
User782,D019,2,2024-11-08 19:23:00,Heavy-duty
User554,D024,5,2024-11-30 15:11:00,Anti-bacterial
User279,D037,2,2024-11-24 19:41:00,Heavy-duty
User510,D001,4,2024-11-09 22:51:00,Anti-bacterial
User683,D004,1,2024-11-09 23:43:00,Organic
User511,D044,4,2024-11-20 10:58:00,Eco-friendly
User210,D030,3,2024-11-23 21:54:00,Organic
User789,D030,3,2024-11-16 13:15:00,Heavy-duty
User552,D050,3,2024-11-02 14:44:00,Eco-friendly
User375,D036,3,2024-11-08 16:12:00,Scented
User377,D045,4,2024-11-05 17:42:00,Eco-friendly
User894,D049,2,2024-11-02 13:27:00,Scented
User434,D043,4,2024-11-23 12:46:00,Scented
User1191,D047,2,2024-11-04 19:27:00,Organic
User624,D016,1,2024-11-01 18:03:00,Organic
User1121,D004,2,2024-11-17 18:41:00,Budget
User227,D009,4,2024-11-19 13:06:00,Anti-bacterial
User788,D042,5,2024-11-25 21:43:00,Anti-bacterial
User297,D019,1,2024-11-16 16:16:00,Natural
User585,D007,5,2024-11-03 10:39:00,Budget
User592,D039,4,2024-11-09 14:47:00,Heavy-duty
User1097,D049,5,2024-11-12 17:40:00,Scented
User1067,D048,2,2024-11-04 21:30:00,Natural
User498,D018,1,2024-11-15 17:51:00,Premium
User556,D029,4,2024-11-17 19:52:00,Premium
User806,D008,2,2024-11-20 17:07:00,Natural
User866,D002,4,2024-11-22 15:32:00,Eco-friendly
User601,D048,4,2024-11-05 18:10:00,Budget
User1185,D018,3,2024-11-03 19:13:00,Premium
User421,D032,4,2024-11-24 12:06:00,Organic
User1174,D006,3,2024-11-07 18:49:00,Organic
User800,D023,4,2024-11-07 22:00:00,Scented
User471,D020,3,2024-11-09 15:51:00,Premium
User876,D046,1,2024-11-28 21:15:00,Premium
User984,D042,4,2024-11-07 20:08:00,Organic
User1001,D007,5,2024-11-01 17:15:00,Scented
User555,D022,5,2024-11-26 19:45:00,Eco-friendly
User249,D048,5,2024-11-04 21:07:00,Premium
User1101,D033,4,2024-11-11 16:19:00,Heavy-duty
User1147,D040,5,2024-11-17 23:17:00,Heavy-duty
User341,D041,4,2024-11-07 19:33:00,Premium
User846,D032,2,2024-11-05 22:17:00,Eco-friendly
User1015,D049,2,2024-11-28 11:50:00,Scented
User1001,D019,1,2024-11-27 20:34:00,Natural
User1144,D021,2,2024-11-02 15:54:00,Premium
User1102,D031,5,2024-11-27 10:47:00,Budget
User668,D028,4,2024-11-03 19:42:00,Natural
User610,D032,2,2024-11-24 19:27:00,Eco-friendly
User656,D005,1,2024-11-11 17:03:00,Budget
User513,D012,4,2024-11-10 11:41:00,Anti-bacterial
User1092,D024,3,2024-11-17 13:34:00,Natural
User664,D002,5,2024-11-23 17:19:00,Premium
User963,D004,2,2024-11-15 13:42:00,Organic
User734,D009,1,2024-11-24 18:13:00,Anti-bacterial
User761,D007,1,2024-11-30 13:22:00,Natural
User441,D046,4,2024-11-19 17:53:00,Premium
User850,D050,2,2024-11-04 22:24:00,Heavy-duty
User370,D023,5,2024-11-22 14:53:00,Premium
User779,D028,3,2024-11-23 22:06:00,Premium
User996,D026,1,2024-11-15 20:40:00,Natural
User1147,D045,2,2024-11-15 10:17:00,Scented
User881,D014,4,2024-11-05 20:32:00,Anti-bacterial
User1134,D022,5,2024-11-07 20:47:00,Eco-friendly
User1162,D020,1,2024-11-28 23:19:00,Premium
User799,D031,5,2024-11-28 11:24:00,Heavy-duty
User835,D034,5,2024-11-10 19:57:00,Budget
User454,D030,2,2024-11-21 23:16:00,Budget
User1018,D028,4,2024-11-05 18:42:00,Eco-friendly
User446,D003,1,2024-11-09 21:50:00,Premium
User827,D041,1,2024-11-17 19:37:00,Budget
User1103,D031,4,2024-11-03 14:32:00,Eco-friendly
User587,D003,1,2024-11-05 10:05:00,Eco-friendly
User867,D009,2,2024-11-20 16:36:00,Budget
User690,D014,2,2024-11-24 21:10:00,Premium
User541,D034,1,2024-11-03 18:23:00,Anti-bacterial
User671,D012,5,2024-11-03 19:14:00,Natural
User281,D028,2,2024-11-07 15:49:00,Anti-bacterial
User708,D004,3,2024-11-03 21:35:00,Anti-bacterial
User276,D030,4,2024-11-22 21:49:00,Scented
User1175,D046,4,2024-11-05 19:51:00,Heavy-duty
User873,D030,1,2024-11-26 14:51:00,Scented
User551,D021,5,2024-11-09 18:51:00,Organic
User894,D038,3,2024-11-05 20:01:00,Eco-friendly
User1013,D038,1,2024-11-05 17:19:00,Budget
User978,D030,2,2024-11-25 16:27:00,Premium
User228,D043,2,2024-11-09 14:55:00,Anti-bacterial
User1150,D048,1,2024-11-14 13:36:00,Premium
User367,D046,2,2024-11-09 19:44:00,Natural
User855,D002,1,2024-11-04 20:05:00,Budget
User922,D013,3,2024-11-24 11:23:00,Eco-friendly
User229,D014,3,2024-11-08 19:45:00,Budget
User810,D008,2,2024-11-30 19:47:00,Heavy-duty
User776,D034,3,2024-11-15 12:08:00,Heavy-duty
User879,D032,5,2024-11-01 16:10:00,Premium
User531,D015,4,2024-11-04 10:39:00,Budget
User538,D039,3,2024-11-25 23:04:00,Scented
User363,D018,4,2024-11-08 17:56:00,Premium
User234,D028,1,2024-11-10 15:48:00,Heavy-duty
User846,D029,4,2024-11-25 12:30:00,Budget
User1160,D038,1,2024-11-24 16:13:00,Premium
User351,D042,3,2024-11-17 22:08:00,Organic
User1131,D044,3,2024-11-11 16:38:00,Natural
User302,D016,5,2024-11-08 12:52:00,Organic
User924,D028,2,2024-11-15 11:10:00,Eco-friendly
User1095,D048,2,2024-11-27 21:35:00,Organic
User523,D033,2,2024-11-05 19:13:00,Organic
User996,D044,5,2024-11-09 15:13:00,Scented
User693,D038,3,2024-11-30 17:34:00,Anti-bacterial
User446,D004,3,2024-11-07 18:42:00,Anti-bacterial
User277,D025,1,2024-11-13 10:14:00,Anti-bacterial
User410,D031,2,2024-11-23 10:07:00,Eco-friendly
User1184,D024,3,2024-11-15 18:56:00,Natural
User500,D006,3,2024-11-05 20:00:00,Scented
User460,D004,2,2024-11-29 20:11:00,Organic
User761,D040,4,2024-11-28 14:29:00,Premium
User1095,D037,4,2024-11-30 19:00:00,Natural
User658,D048,1,2024-11-01 11:44:00,Heavy-duty
User291,D011,1,2024-11-20 14:29:00,Budget
User260,D046,5,2024-11-11 15:54:00,Eco-friendly
User956,D014,1,2024-11-06 11:22:00,Budget
User880,D049,5,2024-11-02 13:15:00,Organic
User845,D038,4,2024-11-11 17:27:00,Heavy-duty
User1174,D005,3,2024-11-29 16:19:00,Heavy-duty
User203,D009,5,2024-11-12 14:29:00,Heavy-duty
User555,D015,4,2024-11-22 18:54:00,Heavy-duty
User982,D015,4,2024-11-23 22:24:00,Natural
User1147,D035,1,2024-11-17 12:27:00,Heavy-duty
User214,D018,4,2024-11-26 13:18:00,Organic
User1128,D029,1,2024-11-04 23:10:00,Scented
User609,D031,4,2024-11-23 16:42:00,Premium
User298,D016,2,2024-11-20 23:24:00,Anti-bacterial
User944,D016,1,2024-11-11 11:29:00,Natural
User647,D005,3,2024-11-06 20:22:00,Scented
User384,D021,3,2024-11-20 14:09:00,Premium
User1074,D037,3,2024-11-01 21:15:00,Premium
User573,D008,4,2024-11-13 23:06:00,Organic
User756,D003,3,2024-11-01 16:30:00,Natural
User394,D019,3,2024-11-06 17:41:00,Scented
User752,D044,1,2024-11-05 18:24:00,Organic
User1091,D023,5,2024-11-28 22:14:00,Heavy-duty
User316,D008,4,2024-11-01 17:44:00,Heavy-duty
User888,D022,3,2024-11-07 20:12:00,Scented
User461,D029,5,2024-11-18 14:48:00,Natural
User545,D008,1,2024-11-13 11:08:00,Eco-friendly
User412,D029,2,2024-11-27 15:31:00,Natural
User307,D021,2,2024-11-14 17:07:00,Premium
User674,D032,3,2024-11-07 13:54:00,Premium
User553,D009,1,2024-11-01 19:11:00,Anti-bacterial
User1024,D045,3,2024-11-13 10:20:00,Anti-bacterial
User249,D047,3,2024-11-04 14:22:00,Budget
User801,D045,4,2024-11-23 23:42:00,Organic
User259,D047,1,2024-11-24 12:01:00,Scented
User602,D041,4,2024-11-27 12:36:00,Organic
User286,D037,5,2024-11-21 19:46:00,Premium
User660,D003,4,2024-11-03 22:43:00,Organic
User462,D023,2,2024-11-10 19:30:00,Natural
User391,D004,3,2024-11-24 21:51:00,Scented
User607,D013,4,2024-11-13 18:34:00,Anti-bacterial
User1166,D038,4,2024-11-25 19:09:00,Organic
User1072,D036,5,2024-11-06 18:08:00,Natural
User831,D046,1,2024-11-12 11:34:00,Natural
User671,D014,2,2024-11-10 11:34:00,Organic
User1032,D043,2,2024-11-05 18:21:00,Scented
User324,D037,4,2024-11-24 14:14:00,Organic
User440,D041,1,2024-11-04 18:27:00,Budget
User638,D038,5,2024-11-02 17:12:00,Anti-bacterial
User415,D044,4,2024-11-10 10:57:00,Organic
User1198,D014,2,2024-11-27 11:14:00,Eco-friendly
User1057,D049,4,2024-11-30 22:12:00,Budget
User437,D021,4,2024-11-04 21:09:00,Organic
User989,D024,3,2024-11-16 18:54:00,Premium
User826,D050,3,2024-11-11 19:18:00,Eco-friendly
User1073,D023,5,2024-11-28 20:13:00,Budget
User624,D043,3,2024-11-11 12:35:00,Natural
User1003,D026,4,2024-11-09 21:50:00,Scented
User948,D026,2,2024-11-02 16:22:00,Organic
User1117,D030,1,2024-11-09 20:53:00,Anti-bacterial
User448,D024,4,2024-11-27 16:07:00,Scented
User336,D015,4,2024-11-03 10:33:00,Eco-friendly
User568,D047,5,2024-11-01 13:18:00,Natural
User1191,D024,5,2024-11-25 12:39:00,Organic
User1147,D050,5,2024-11-20 12:29:00,Premium
User438,D041,5,2024-11-04 17:15:00,Heavy-duty
User1041,D014,1,2024-11-22 15:39:00,Anti-bacterial
User531,D001,5,2024-11-02 20:14:00,Heavy-duty
User228,D041,4,2024-11-07 12:20:00,Anti-bacterial
User624,D021,5,2024-11-06 22:32:00,Scented
User347,D044,2,2024-11-23 13:00:00,Premium
User738,D026,2,2024-11-13 20:52:00,Organic
User1166,D049,3,2024-11-06 14:29:00,Scented
User347,D047,4,2024-11-06 16:24:00,Eco-friendly
User1007,D004,1,2024-11-25 16:59:00,Eco-friendly
User514,D033,2,2024-11-06 19:11:00,Heavy-duty
User243,D038,1,2024-11-13 20:52:00,Scented
User217,D045,5,2024-11-06 15:20:00,Organic
User634,D015,5,2024-11-27 20:03:00,Natural
User798,D031,3,2024-11-03 11:17:00,Anti-bacterial
User874,D020,5,2024-11-29 10:31:00,Heavy-duty
User676,D033,2,2024-11-24 15:33:00,Scented
User503,D009,5,2024-11-11 15:28:00,Budget
User782,D008,1,2024-11-02 12:17:00,Heavy-duty
User546,D038,4,2024-11-12 19:18:00,Organic
User797,D002,1,2024-11-16 19:54:00,Natural
User969,D016,4,2024-11-10 17:28:00,Eco-friendly
User848,D004,1,2024-11-08 10:54:00,Scented
User500,D016,2,2024-11-04 13:37:00,Anti-bacterial
User617,D011,2,2024-11-11 13:23:00,Natural
User641,D027,2,2024-11-24 18:10:00,Anti-bacterial
User584,D024,3,2024-11-11 14:45:00,Budget
User684,D028,1,2024-11-21 12:03:00,Heavy-duty
User943,D029,1,2024-11-18 21:15:00,Natural
User416,D017,2,2024-11-09 10:49:00,Budget
User255,D050,2,2024-11-19 19:38:00,Natural
User1164,D007,2,2024-11-24 14:15:00,Premium
User541,D031,1,2024-11-15 17:45:00,Anti-bacterial
User1083,D045,3,2024-11-19 11:20:00,Premium
User406,D003,5,2024-11-24 18:26:00,Budget
User417,D034,5,2024-11-15 17:34:00,Premium
User1068,D014,5,2024-11-23 14:48:00,Budget
User301,D002,3,2024-11-06 19:19:00,Eco-friendly
User1008,D001,1,2024-11-18 14:37:00,Premium
User761,D027,2,2024-11-05 13:47:00,Anti-bacterial
User1077,D011,3,2024-11-30 18:13:00,Heavy-duty
User849,D045,5,2024-11-12 12:33:00,Anti-bacterial
User485,D007,4,2024-11-22 23:30:00,Anti-bacterial
User297,D017,1,2024-11-27 23:01:00,Premium
User403,D014,5,2024-11-08 16:45:00,Budget
User846,D011,1,2024-11-20 19:27:00,Anti-bacterial
User917,D009,4,2024-11-14 12:40:00,Natural
User528,D030,5,2024-11-08 23:24:00,Natural
User779,D023,4,2024-11-01 11:27:00,Scented
User509,D047,2,2024-11-24 11:31:00,Budget
User316,D042,5,2024-11-01 10:25:00,Eco-friendly
User282,D048,3,2024-11-26 19:29:00,Natural
User555,D039,1,2024-11-06 14:13:00,Anti-bacterial
User899,D017,4,2024-11-03 13:23:00,Anti-bacterial
User274,D032,2,2024-11-28 15:20:00,Organic
User905,D012,5,2024-11-25 17:45:00,Heavy-duty
User676,D049,1,2024-11-24 19:15:00,Anti-bacterial
User216,D010,3,2024-11-12 19:09:00,Heavy-duty
User1058,D030,2,2024-11-06 10:24:00,Scented
User1015,D032,4,2024-11-20 17:05:00,Eco-friendly
User251,D044,2,2024-11-09 20:59:00,Heavy-duty
User787,D048,1,2024-11-16 11:26:00,Heavy-duty
User957,D043,5,2024-11-19 13:52:00,Eco-friendly
User1061,D027,3,2024-11-03 20:42:00,Anti-bacterial
User234,D028,5,2024-11-17 15:17:00,Natural
User382,D032,4,2024-11-17 21:57:00,Anti-bacterial
User1157,D036,5,2024-11-08 12:31:00,Eco-friendly
User316,D011,3,2024-11-29 11:37:00,Scented
User554,D046,2,2024-11-19 12:21:00,Scented
User832,D045,1,2024-11-13 17:57:00,Organic
User697,D039,1,2024-11-29 18:43:00,Scented
User258,D015,1,2024-11-19 11:46:00,Organic
User502,D014,2,2024-11-13 17:51:00,Heavy-duty
User864,D024,5,2024-11-23 21:49:00,Natural
User1192,D006,2,2024-11-07 11:42:00,Heavy-duty
User862,D050,1,2024-11-07 10:39:00,Budget
User623,D006,4,2024-11-16 14:11:00,Organic
User348,D015,2,2024-11-29 18:01:00,Natural
User1156,D004,4,2024-11-12 19:10:00,Heavy-duty
User781,D014,4,2024-11-26 12:35:00,Budget
User574,D009,4,2024-11-03 21:21:00,Eco-friendly
User228,D049,3,2024-11-17 13:05:00,Scented
User865,D007,2,2024-11-02 16:42:00,Organic
User656,D030,2,2024-11-13 23:41:00,Budget
User221,D032,1,2024-11-12 15:55:00,Anti-bacterial
User242,D038,5,2024-11-13 15:51:00,Eco-friendly
User1011,D016,4,2024-11-12 18:57:00,Eco-friendly
User703,D034,4,2024-11-23 17:49:00,Eco-friendly
User1107,D019,4,2024-11-01 22:43:00,Heavy-duty
User1191,D004,1,2024-11-13 14:47:00,Anti-bacterial
User629,D005,5,2024-11-20 19:42:00,Premium
User1084,D040,3,2024-11-09 23:47:00,Anti-bacterial
User309,D049,4,2024-11-02 20:08:00,Organic
User910,D021,4,2024-11-27 17:32:00,Natural
User1128,D030,1,2024-11-22 13:33:00,Anti-bacterial
User1157,D050,1,2024-11-10 15:20:00,Scented
User567,D038,3,2024-11-17 22:44:00,Heavy-duty
User214,D035,4,2024-11-29 10:16:00,Natural
User826,D016,1,2024-11-19 11:16:00,Organic
User710,D019,3,2024-11-28 16:36:00,Eco-friendly
User735,D015,3,2024-11-25 10:50:00,Eco-friendly
User948,D038,4,2024-11-06 17:16:00,Anti-bacterial
User912,D003,5,2024-11-05 18:39:00,Scented
User666,D044,3,2024-11-10 22:38:00,Natural
User343,D036,2,2024-11-25 13:35:00,Anti-bacterial
User981,D001,5,2024-11-27 13:58:00,Eco-friendly
User231,D013,2,2024-11-15 21:07:00,Heavy-duty
User228,D034,5,2024-11-01 11:47:00,Natural
User667,D026,3,2024-11-05 10:17:00,Anti-bacterial
User1089,D039,5,2024-11-30 10:42:00,Eco-friendly
User567,D016,4,2024-11-28 10:54:00,Eco-friendly
User624,D038,1,2024-11-21 19:32:00,Eco-friendly
User228,D022,2,2024-11-12 23:37:00,Natural
User983,D016,2,2024-11-12 15:12:00,Scented
User485,D007,1,2024-11-07 10:10:00,Anti-bacterial
User1082,D016,4,2024-11-10 13:44:00,Natural
User1109,D026,1,2024-11-15 18:46:00,Eco-friendly
User399,D028,4,2024-11-08 21:28:00,Natural
User506,D024,3,2024-11-19 22:29:00,Budget
User778,D019,2,2024-11-17 15:06:00,Natural
User594,D006,5,2024-11-08 20:26:00,Premium
User1147,D019,5,2024-11-09 17:36:00,Premium
User774,D037,2,2024-11-06 16:17:00,Budget
User1071,D042,5,2024-11-27 11:32:00,Anti-bacterial
User747,D005,4,2024-11-04 21:32:00,Natural
User226,D014,1,2024-11-08 19:46:00,Scented
User1015,D046,2,2024-11-03 13:45:00,Heavy-duty
User236,D001,1,2024-11-29 15:47:00,Eco-friendly
User503,D027,5,2024-11-24 23:52:00,Anti-bacterial
User423,D042,5,2024-11-29 15:15:00,Scented
User967,D026,2,2024-11-27 12:48:00,Scented
User411,D008,2,2024-11-04 14:58:00,Scented
User1106,D012,3,2024-11-21 23:19:00,Heavy-duty
User297,D018,4,2024-11-28 14:17:00,Natural
User273,D025,1,2024-11-11 20:17:00,Eco-friendly
User902,D025,3,2024-11-21 23:09:00,Natural
User309,D042,2,2024-11-08 17:17:00,Natural
User336,D043,1,2024-11-21 15:39:00,Premium
User684,D019,5,2024-11-05 19:46:00,Natural
User605,D003,2,2024-11-13 17:15:00,Organic
User1052,D037,4,2024-11-05 22:08:00,Anti-bacterial
User1015,D013,4,2024-11-12 21:34:00,Heavy-duty
User692,D039,4,2024-11-15 22:51:00,Budget
User229,D032,3,2024-11-20 16:45:00,Budget
User624,D017,3,2024-11-02 13:08:00,Anti-bacterial
User560,D007,3,2024-11-24 11:11:00,Scented
User1060,D026,4,2024-11-07 18:31:00,Scented
User919,D017,3,2024-11-16 15:02:00,Eco-friendly
User887,D021,5,2024-11-26 20:17:00,Natural
User334,D024,4,2024-11-17 21:33:00,Eco-friendly
User1126,D016,4,2024-11-09 11:35:00,Budget
User424,D004,1,2024-11-22 14:10:00,Scented
User925,D048,3,2024-11-29 20:45:00,Budget
User432,D006,4,2024-11-04 21:22:00,Eco-friendly
User652,D038,5,2024-11-20 18:27:00,Scented
User851,D040,5,2024-11-03 16:00:00,Budget
User279,D028,3,2024-11-18 18:05:00,Organic
User381,D005,1,2024-11-04 10:25:00,Budget
User846,D007,4,2024-11-18 14:06:00,Premium
User331,D028,1,2024-11-17 17:53:00,Scented
User481,D045,1,2024-11-26 21:09:00,Eco-friendly
User601,D049,2,2024-11-23 22:50:00,Heavy-duty
User490,D004,1,2024-11-25 19:47:00,Scented
User789,D017,2,2024-11-02 20:43:00,Organic
User1173,D038,1,2024-11-30 17:18:00,Organic
User1074,D039,4,2024-11-24 15:04:00,Premium
User345,D034,1,2024-11-22 23:01:00,Scented
User464,D039,1,2024-11-23 11:07:00,Anti-bacterial
User286,D023,3,2024-11-07 21:40:00,Eco-friendly
User1193,D049,1,2024-11-10 10:16:00,Eco-friendly
User445,D017,1,2024-11-15 14:08:00,Premium
User1042,D014,3,2024-11-24 20:07:00,Premium
User820,D021,1,2024-11-11 12:16:00,Budget
User583,D008,5,2024-11-29 10:26:00,Premium
User424,D030,4,2024-11-14 12:25:00,Natural
User506,D039,5,2024-11-25 14:06:00,Scented
User774,D025,4,2024-11-19 17:14:00,Eco-friendly
User394,D011,1,2024-11-08 20:38:00,Anti-bacterial
User394,D017,5,2024-11-20 16:52:00,Scented
User584,D043,2,2024-11-27 19:32:00,Natural
User994,D008,2,2024-11-16 23:26:00,Premium
User468,D022,3,2024-11-20 23:42:00,Eco-friendly
User1035,D020,2,2024-11-27 14:37:00,Natural
User542,D004,1,2024-11-07 16:38:00,Budget
User1125,D033,1,2024-11-26 16:16:00,Heavy-duty
User464,D037,3,2024-11-28 17:18:00,Anti-bacterial
User1120,D015,4,2024-11-26 14:00:00,Scented
User946,D033,4,2024-11-15 10:35:00,Premium
User1077,D031,4,2024-11-30 17:31:00,Budget
User273,D014,2,2024-11-22 16:02:00,Budget
User945,D011,5,2024-11-16 13:35:00,Anti-bacterial
User1035,D016,1,2024-11-08 17:42:00,Organic
User837,D021,2,2024-11-08 13:02:00,Heavy-duty
User982,D038,3,2024-11-07 17:41:00,Premium
User647,D012,1,2024-11-06 21:37:00,Premium
User595,D014,4,2024-11-10 12:14:00,Budget
User621,D042,2,2024-11-27 12:18:00,Eco-friendly
User519,D027,1,2024-11-21 23:25:00,Budget
User1046,D011,3,2024-11-11 14:46:00,Eco-friendly
User234,D026,1,2024-11-13 21:55:00,Anti-bacterial
User360,D028,1,2024-11-04 16:16:00,Scented
User608,D040,1,2024-11-06 20:02:00,Premium
User1149,D013,3,2024-11-02 15:36:00,Budget
User656,D036,4,2024-11-27 18:44:00,Scented
User611,D025,5,2024-11-17 17:54:00,Heavy-duty
User760,D016,4,2024-11-25 10:38:00,Scented
User815,D040,4,2024-11-04 15:28:00,Anti-bacterial
User360,D034,4,2024-11-16 16:39:00,Anti-bacterial
User390,D048,2,2024-11-28 13:48:00,Heavy-duty
User562,D017,2,2024-11-07 23:03:00,Heavy-duty
User728,D002,1,2024-11-29 17:41:00,Scented
User1128,D042,3,2024-11-21 17:25:00,Eco-friendly
User1047,D040,5,2024-11-21 10:22:00,Premium
User612,D038,4,2024-11-20 19:09:00,Organic
User830,D013,4,2024-11-27 17:37:00,Organic
User907,D026,2,2024-11-04 12:16:00,Budget
User796,D045,2,2024-11-25 10:39:00,Budget
User265,D044,5,2024-11-10 18:23:00,Anti-bacterial
User950,D028,3,2024-11-15 11:29:00,Heavy-duty
User942,D018,2,2024-11-15 16:18:00,Premium
User414,D012,1,2024-11-29 14:10:00,Premium
User517,D003,4,2024-11-28 22:24:00,Premium
User546,D049,5,2024-11-23 18:30:00,Anti-bacterial
User698,D028,5,2024-11-21 10:24:00,Eco-friendly
User627,D026,2,2024-11-25 15:45:00,Premium
User502,D001,5,2024-11-19 20:51:00,Organic
User562,D014,1,2024-11-14 15:26:00,Heavy-duty
User942,D038,5,2024-11-17 20:44:00,Organic
User380,D027,5,2024-11-22 17:47:00,Scented
User1146,D045,4,2024-11-28 20:33:00,Anti-bacterial
User482,D011,3,2024-11-10 11:40:00,Premium
User1138,D015,2,2024-11-18 18:54:00,Eco-friendly
User725,D006,3,2024-11-28 22:16:00,Anti-bacterial
User360,D047,3,2024-11-26 10:53:00,Heavy-duty
User353,D028,2,2024-11-10 21:26:00,Anti-bacterial
User258,D029,4,2024-11-08 17:24:00,Anti-bacterial
User959,D015,5,2024-11-21 22:54:00,Premium
User728,D046,1,2024-11-21 19:01:00,Organic
User754,D002,4,2024-11-26 22:39:00,Budget
User752,D013,5,2024-11-21 17:04:00,Anti-bacterial
User1186,D009,4,2024-11-24 16:11:00,Anti-bacterial
User360,D001,4,2024-11-14 23:28:00,Premium
User672,D028,1,2024-11-17 10:30:00,Heavy-duty
User699,D007,4,2024-11-21 17:18:00,Eco-friendly
User251,D043,2,2024-11-23 20:52:00,Budget
User254,D041,4,2024-11-29 14:52:00,Organic
User880,D025,2,2024-11-02 12:32:00,Premium
User559,D012,5,2024-11-07 22:20:00,Heavy-duty
User362,D047,3,2024-11-16 13:09:00,Heavy-duty
User756,D005,1,2024-11-02 18:16:00,Premium
User457,D032,4,2024-11-29 18:09:00,Premium
User941,D023,4,2024-11-03 15:35:00,Anti-bacterial
User705,D016,5,2024-11-10 11:51:00,Eco-friendly
User268,D039,4,2024-11-30 22:39:00,Eco-friendly
User306,D020,4,2024-11-14 23:51:00,Organic
User324,D012,4,2024-11-26 22:16:00,Eco-friendly
User895,D026,1,2024-11-20 15:24:00,Natural
User1043,D007,2,2024-11-28 13:52:00,Eco-friendly
User804,D007,1,2024-11-18 12:13:00,Premium
User454,D013,1,2024-11-23 18:49:00,Eco-friendly
User626,D013,4,2024-11-19 19:22:00,Heavy-duty
User1066,D032,3,2024-11-16 19:49:00,Heavy-duty
User297,D026,2,2024-11-25 21:02:00,Scented
User838,D029,5,2024-11-21 16:43:00,Budget
User313,D013,4,2024-11-21 21:45:00,Anti-bacterial
User588,D049,3,2024-11-18 20:55:00,Organic
User1192,D005,3,2024-11-30 17:56:00,Budget
User891,D012,5,2024-11-19 19:30:00,Scented
User387,D039,3,2024-11-04 12:07:00,Eco-friendly
User334,D035,3,2024-11-24 15:08:00,Natural
User449,D010,4,2024-11-20 10:54:00,Anti-bacterial
User489,D023,2,2024-11-08 15:00:00,Eco-friendly
User542,D038,4,2024-11-08 14:57:00,Heavy-duty
User1011,D032,5,2024-11-27 15:57:00,Organic
User427,D008,5,2024-11-15 21:32:00,Budget
User672,D041,2,2024-11-26 23:26:00,Premium
User737,D033,5,2024-11-16 11:27:00,Anti-bacterial
User1045,D023,3,2024-11-08 19:27:00,Scented
User1061,D007,2,2024-11-14 19:00:00,Scented
User388,D019,1,2024-11-18 11:46:00,Premium
User405,D012,4,2024-11-27 18:51:00,Premium
User220,D021,4,2024-11-16 11:39:00,Natural
User910,D049,3,2024-11-11 13:58:00,Premium
User249,D042,3,2024-11-06 15:06:00,Budget
User760,D005,2,2024-11-04 20:30:00,Anti-bacterial
User1118,D040,4,2024-11-11 13:24:00,Natural
User690,D033,5,2024-11-07 22:04:00,Natural
User833,D010,1,2024-11-10 19:59:00,Eco-friendly
User657,D015,3,2024-11-17 13:58:00,Anti-bacterial
User663,D048,5,2024-11-06 23:36:00,Eco-friendly
User1005,D011,4,2024-11-10 22:38:00,Anti-bacterial
User651,D003,1,2024-11-26 15:43:00,Organic
User959,D046,3,2024-11-12 10:19:00,Scented
User573,D049,5,2024-11-30 19:12:00,Premium
User361,D031,4,2024-11-26 23:50:00,Budget
User519,D008,2,2024-11-24 11:55:00,Premium
User761,D029,5,2024-11-07 16:05:00,Anti-bacterial
User400,D009,1,2024-11-13 11:17:00,Premium
User706,D040,1,2024-11-16 16:46:00,Eco-friendly
User250,D027,1,2024-11-11 14:46:00,Organic
User429,D047,4,2024-11-04 23:43:00,Eco-friendly
User983,D043,1,2024-11-13 19:59:00,Eco-friendly
User829,D019,3,2024-11-02 18:51:00,Budget
User653,D035,4,2024-11-27 17:33:00,Scented
User518,D043,1,2024-11-20 10:58:00,Premium
User882,D033,3,2024-11-05 11:10:00,Budget
User322,D008,1,2024-11-02 21:24:00,Natural
User318,D037,4,2024-11-10 14:58:00,Scented
User241,D046,2,2024-11-08 18:20:00,Natural
User1015,D033,1,2024-11-26 18:50:00,Heavy-duty
User236,D015,1,2024-11-29 20:48:00,Scented
User899,D018,3,2024-11-26 18:56:00,Natural
User452,D006,3,2024-11-29 15:13:00,Eco-friendly
User862,D040,3,2024-11-14 18:16:00,Anti-bacterial
User1117,D009,3,2024-11-26 20:36:00,Scented
User1165,D034,5,2024-11-05 19:22:00,Eco-friendly
User1043,D019,2,2024-11-16 10:15:00,Eco-friendly
User1045,D024,3,2024-11-05 10:09:00,Organic
User1141,D031,4,2024-11-11 18:12:00,Anti-bacterial
User354,D050,2,2024-11-22 22:11:00,Natural
User1028,D012,3,2024-11-04 19:27:00,Scented
User272,D001,5,2024-11-22 22:50:00,Heavy-duty
User1040,D029,4,2024-11-21 17:51:00,Anti-bacterial
User1160,D048,2,2024-11-27 14:16:00,Scented
User843,D010,5,2024-11-10 23:46:00,Organic
User1162,D006,2,2024-11-15 18:37:00,Eco-friendly
User978,D010,5,2024-11-26 14:49:00,Eco-friendly
User512,D012,3,2024-11-20 11:36:00,Eco-friendly
User662,D040,5,2024-11-08 20:57:00,Premium
User1042,D010,1,2024-11-27 10:57:00,Anti-bacterial
User919,D046,1,2024-11-16 18:53:00,Natural
User574,D035,4,2024-11-21 11:00:00,Premium
User394,D034,1,2024-11-08 12:30:00,Organic
User449,D039,4,2024-11-22 16:52:00,Anti-bacterial
User1132,D036,1,2024-11-15 21:35:00,Anti-bacterial
User632,D035,2,2024-11-29 20:22:00,Natural
User627,D022,4,2024-11-22 14:17:00,Heavy-duty
User1119,D040,1,2024-11-15 20:43:00,Heavy-duty
User770,D011,3,2024-11-30 17:30:00,Anti-bacterial
User1017,D004,3,2024-11-18 15:56:00,Natural
User379,D005,2,2024-11-17 14:35:00,Premium
User890,D001,3,2024-11-09 10:09:00,Anti-bacterial
User324,D010,5,2024-11-10 10:19:00,Natural
User360,D031,4,2024-11-22 20:03:00,Heavy-duty
User467,D048,1,2024-11-26 21:15:00,Anti-bacterial
User1128,D025,1,2024-11-02 17:29:00,Premium
User899,D024,5,2024-11-17 12:12:00,Budget
User1068,D035,4,2024-11-23 14:02:00,Premium
User385,D020,1,2024-11-12 12:57:00,Eco-friendly
User614,D010,3,2024-11-21 14:21:00,Heavy-duty
User978,D035,3,2024-11-23 11:30:00,Heavy-duty
User264,D023,5,2024-11-15 23:09:00,Heavy-duty
User494,D016,3,2024-11-18 12:18:00,Anti-bacterial
User821,D039,4,2024-11-21 14:15:00,Natural
User1017,D048,3,2024-11-08 10:16:00,Organic
User1116,D029,1,2024-11-07 17:50:00,Premium
User271,D028,1,2024-11-18 18:50:00,Budget
User622,D037,2,2024-11-26 14:35:00,Natural
User665,D035,3,2024-11-12 16:40:00,Natural
User720,D034,2,2024-11-26 13:50:00,Scented
User1024,D024,3,2024-11-29 12:51:00,Budget
User798,D010,3,2024-11-28 11:54:00,Heavy-duty
User597,D045,3,2024-11-21 18:54:00,Budget
User226,D045,3,2024-11-24 11:41:00,Budget
User217,D023,1,2024-11-16 18:32:00,Premium
User455,D008,1,2024-11-03 13:11:00,Budget
User746,D021,4,2024-11-29 11:28:00,Organic
User821,D013,5,2024-11-18 20:49:00,Premium
User675,D014,4,2024-11-29 12:29:00,Premium
User427,D014,1,2024-11-02 14:26:00,Eco-friendly
User1022,D036,1,2024-11-16 20:30:00,Heavy-duty
User537,D002,5,2024-11-21 16:10:00,Budget
User857,D011,5,2024-11-16 16:30:00,Natural
User774,D011,5,2024-11-20 22:07:00,Scented
User1076,D017,3,2024-11-24 14:32:00,Budget
User1131,D022,2,2024-11-04 13:29:00,Budget
User347,D031,4,2024-11-15 18:59:00,Anti-bacterial
User1179,D043,2,2024-11-16 11:57:00,Scented
User329,D017,3,2024-11-25 15:04:00,Eco-friendly
User476,D019,4,2024-11-29 12:57:00,Heavy-duty
User746,D024,1,2024-11-08 22:49:00,Budget
User240,D041,4,2024-11-21 14:04:00,Eco-friendly
User1126,D022,5,2024-11-08 20:58:00,Eco-friendly
User213,D022,1,2024-11-05 18:00:00,Anti-bacterial
User889,D002,1,2024-11-01 17:31:00,Eco-friendly
User1030,D039,1,2024-11-30 13:08:00,Premium
User1151,D003,3,2024-11-29 16:49:00,Scented
User1121,D040,2,2024-11-10 14:03:00,Scented
User284,D026,1,2024-11-05 20:59:00,Natural
User570,D045,5,2024-11-05 13:51:00,Heavy-duty
User1069,D006,3,2024-11-21 20:28:00,Organic
User743,D024,1,2024-11-06 14:44:00,Premium
User690,D018,1,2024-11-03 20:20:00,Heavy-duty
User364,D042,1,2024-11-01 18:20:00,Premium
User863,D020,2,2024-11-05 15:24:00,Eco-friendly
User1170,D011,4,2024-11-24 16:14:00,Scented
User1150,D023,1,2024-11-25 21:24:00,Premium
User234,D025,1,2024-11-07 19:27:00,Eco-friendly
User762,D039,4,2024-11-14 18:54:00,Organic
User615,D016,3,2024-11-13 19:40:00,Natural
User522,D020,2,2024-11-24 19:51:00,Natural
User543,D049,3,2024-11-04 12:40:00,Anti-bacterial
User839,D036,2,2024-11-06 13:50:00,Heavy-duty
User1190,D024,5,2024-11-08 14:59:00,Scented
User957,D029,1,2024-11-26 17:11:00,Anti-bacterial
User621,D001,1,2024-11-06 17:39:00,Heavy-duty
User1132,D028,3,2024-11-12 10:51:00,Budget
User206,D036,3,2024-11-11 13:33:00,Eco-friendly
User949,D014,2,2024-11-28 23:32:00,Premium
User1186,D044,3,2024-11-06 12:34:00,Natural
User406,D047,3,2024-11-12 10:38:00,Premium
User578,D015,3,2024-11-29 10:41:00,Organic
User513,D022,1,2024-11-01 18:52:00,Natural
User761,D027,2,2024-11-16 20:14:00,Anti-bacterial
User727,D013,1,2024-11-25 11:20:00,Scented
User1011,D007,4,2024-11-04 18:18:00,Premium
User280,D005,4,2024-11-11 10:48:00,Organic
User1099,D032,5,2024-11-16 12:05:00,Budget
User1122,D042,4,2024-11-23 18:59:00,Budget
User817,D032,2,2024-11-17 19:35:00,Anti-bacterial
User458,D002,4,2024-11-01 12:16:00,Scented
User686,D003,4,2024-11-16 14:36:00,Eco-friendly
User836,D039,3,2024-11-05 12:28:00,Eco-friendly
User393,D039,3,2024-11-14 17:03:00,Premium
User591,D010,3,2024-11-28 13:07:00,Eco-friendly
User476,D008,2,2024-11-12 21:37:00,Premium
User1125,D001,1,2024-11-10 18:22:00,Organic
User695,D044,4,2024-11-15 21:32:00,Anti-bacterial
User1046,D016,5,2024-11-03 11:34:00,Anti-bacterial
User212,D031,3,2024-11-13 13:51:00,Natural
User539,D029,3,2024-11-16 20:31:00,Eco-friendly
User337,D047,5,2024-11-10 10:00:00,Anti-bacterial
User756,D026,1,2024-11-16 13:57:00,Eco-friendly
User575,D017,1,2024-11-02 19:10:00,Heavy-duty
User1070,D008,1,2024-11-22 19:55:00,Natural
User418,D025,1,2024-11-19 22:04:00,Budget
User258,D009,4,2024-11-17 19:37:00,Organic
User207,D016,1,2024-11-07 22:20:00,Scented
User308,D007,2,2024-11-29 17:40:00,Natural
User795,D023,5,2024-11-10 15:47:00,Organic
User503,D042,4,2024-11-16 16:44:00,Scented
User1030,D014,2,2024-11-27 11:37:00,Organic
User1029,D023,2,2024-11-28 22:43:00,Anti-bacterial
User435,D050,1,2024-11-03 21:02:00,Scented
User496,D041,3,2024-11-03 12:39:00,Premium
User550,D028,4,2024-11-01 14:01:00,Anti-bacterial
User261,D023,3,2024-11-15 17:30:00,Anti-bacterial
User462,D006,1,2024-11-21 16:44:00,Scented
User756,D035,4,2024-11-30 17:18:00,Natural
User579,D030,3,2024-11-02 18:50:00,Anti-bacterial
User228,D008,4,2024-11-26 16:04:00,Heavy-duty
User398,D048,4,2024-11-26 12:48:00,Scented
User539,D046,3,2024-11-02 10:17:00,Anti-bacterial
User848,D036,5,2024-11-09 14:05:00,Organic
User927,D001,5,2024-11-25 19:50:00,Natural
User381,D035,1,2024-11-20 13:50:00,Premium
User378,D030,3,2024-11-14 16:49:00,Natural
User279,D014,1,2024-11-26 21:58:00,Anti-bacterial
User1087,D005,4,2024-11-15 23:06:00,Budget
User1122,D026,4,2024-11-12 17:09:00,Premium
User1193,D022,4,2024-11-13 22:34:00,Organic
User313,D040,3,2024-11-15 11:09:00,Natural
User1097,D022,2,2024-11-16 13:56:00,Natural
User990,D030,1,2024-11-29 23:09:00,Organic
User266,D018,1,2024-11-06 15:43:00,Organic
User858,D043,2,2024-11-23 11:24:00,Organic
User1146,D032,3,2024-11-12 20:49:00,Scented
User846,D013,4,2024-11-19 23:52:00,Budget
User270,D036,4,2024-11-22 15:26:00,Premium
User580,D019,1,2024-11-09 15:00:00,Eco-friendly
User966,D047,5,2024-11-13 14:55:00,Natural
User706,D034,5,2024-11-16 16:53:00,Natural
User1025,D003,3,2024-11-11 13:20:00,Eco-friendly
User820,D044,2,2024-11-06 21:54:00,Scented
User282,D042,2,2024-11-26 12:13:00,Organic
User521,D016,5,2024-11-26 13:15:00,Budget
User241,D001,2,2024-11-25 19:55:00,Organic
User712,D015,5,2024-11-20 16:17:00,Heavy-duty
User1121,D045,2,2024-11-30 16:25:00,Scented
User607,D006,1,2024-11-08 14:05:00,Organic
User606,D023,2,2024-11-18 23:06:00,Budget
User656,D048,5,2024-11-23 20:08:00,Premium
User1016,D028,4,2024-11-10 21:19:00,Eco-friendly
User1061,D009,2,2024-11-25 11:22:00,Premium
User777,D026,2,2024-11-07 23:03:00,Organic
User484,D001,4,2024-11-19 19:28:00,Budget
User946,D048,2,2024-11-16 19:31:00,Organic
User799,D006,5,2024-11-30 10:44:00,Anti-bacterial
User1014,D017,5,2024-11-17 10:12:00,Organic
User352,D007,2,2024-11-27 18:28:00,Eco-friendly
User949,D022,1,2024-11-13 21:39:00,Anti-bacterial
User862,D028,2,2024-11-25 16:33:00,Organic
User498,D048,1,2024-11-11 12:58:00,Budget
User448,D006,3,2024-11-19 23:19:00,Budget
User218,D037,5,2024-11-20 23:48:00,Organic
User569,D009,3,2024-11-14 22:51:00,Heavy-duty
User474,D042,5,2024-11-23 16:31:00,Scented
User1049,D048,4,2024-11-28 14:04:00,Premium
User598,D038,5,2024-11-29 14:25:00,Heavy-duty
User738,D040,2,2024-11-07 16:46:00,Heavy-duty
User483,D016,5,2024-11-29 18:12:00,Scented
User644,D036,4,2024-11-05 10:23:00,Organic
User828,D037,3,2024-11-17 13:19:00,Anti-bacterial
User900,D043,3,2024-11-26 13:25:00,Scented
User1116,D039,1,2024-11-20 12:33:00,Premium
User334,D020,5,2024-11-10 20:52:00,Eco-friendly
User230,D013,1,2024-11-08 11:55:00,Heavy-duty
User837,D037,1,2024-11-02 21:10:00,Heavy-duty
User382,D002,5,2024-11-26 10:47:00,Heavy-duty
User1166,D004,5,2024-11-25 21:32:00,Natural
User716,D022,4,2024-11-06 22:26:00,Premium
User940,D050,2,2024-11-14 13:48:00,Anti-bacterial
User252,D033,1,2024-11-09 12:42:00,Premium
User352,D032,1,2024-11-28 22:37:00,Anti-bacterial
User255,D047,2,2024-11-30 13:56:00,Premium
User377,D039,3,2024-11-06 17:54:00,Budget
User229,D038,3,2024-11-09 15:31:00,Eco-friendly
User313,D002,1,2024-11-15 22:23:00,Premium
User273,D012,2,2024-11-29 17:22:00,Scented
User1180,D040,5,2024-11-28 10:24:00,Eco-friendly
User785,D025,5,2024-11-03 18:01:00,Organic
User1189,D035,3,2024-11-12 15:36:00,Eco-friendly
User670,D050,4,2024-11-05 16:04:00,Heavy-duty
User1185,D032,4,2024-11-25 11:30:00,Heavy-duty
User365,D013,5,2024-11-01 16:01:00,Scented
User368,D044,1,2024-11-28 14:30:00,Organic
User1140,D021,3,2024-11-23 18:34:00,Heavy-duty
User294,D005,1,2024-11-23 14:29:00,Eco-friendly
User843,D034,3,2024-11-07 20:05:00,Eco-friendly
User328,D011,2,2024-11-25 20:25:00,Anti-bacterial
User352,D004,4,2024-11-27 13:10:00,Premium
User473,D034,4,2024-11-26 22:56:00,Natural
User876,D044,4,2024-11-17 19:15:00,Budget
User1035,D024,3,2024-11-29 21:56:00,Natural
User912,D012,1,2024-11-20 10:31:00,Organic
User360,D019,1,2024-11-02 10:49:00,Scented
User521,D034,4,2024-11-04 12:15:00,Heavy-duty
User626,D050,5,2024-11-24 18:01:00,Eco-friendly
User367,D030,5,2024-11-03 15:41:00,Natural
User1141,D031,2,2024-11-27 20:24:00,Heavy-duty
User577,D039,3,2024-11-15 14:01:00,Organic
User585,D031,5,2024-11-29 13:49:00,Anti-bacterial
User531,D031,2,2024-11-24 11:13:00,Anti-bacterial
User549,D025,5,2024-11-10 18:10:00,Organic
User1105,D006,5,2024-11-29 17:55:00,Heavy-duty
User779,D028,2,2024-11-20 21:06:00,Organic
User1059,D005,2,2024-11-02 10:37:00,Organic
User797,D038,1,2024-11-05 19:27:00,Scented
User1049,D035,5,2024-11-14 20:36:00,Eco-friendly
User461,D041,5,2024-11-14 19:58:00,Premium
User493,D044,4,2024-11-22 15:01:00,Organic
User360,D033,1,2024-11-24 12:32:00,Budget
User629,D012,4,2024-11-26 15:44:00,Eco-friendly
User205,D016,2,2024-11-26 17:36:00,Premium
User685,D034,2,2024-11-06 19:15:00,Heavy-duty
User580,D003,4,2024-11-25 23:27:00,Natural
User1039,D013,5,2024-11-08 12:48:00,Eco-friendly
User514,D021,2,2024-11-12 23:55:00,Premium
User415,D040,1,2024-11-10 13:35:00,Premium
User543,D008,3,2024-11-09 20:03:00,Anti-bacterial
User381,D035,3,2024-11-18 21:48:00,Heavy-duty
User812,D014,4,2024-11-18 13:17:00,Anti-bacterial
User1010,D045,5,2024-11-29 23:02:00,Premium
User616,D002,2,2024-11-07 10:05:00,Scented
User315,D050,5,2024-11-15 13:37:00,Budget
User879,D041,1,2024-11-17 11:20:00,Organic
User1093,D003,3,2024-11-17 13:05:00,Scented
User408,D010,1,2024-11-10 13:53:00,Eco-friendly
User997,D013,5,2024-11-17 14:22:00,Heavy-duty
User441,D027,1,2024-11-08 11:37:00,Premium
User658,D042,2,2024-11-27 12:01:00,Organic
User939,D010,1,2024-11-30 10:53:00,Budget
User717,D046,1,2024-11-23 18:19:00,Eco-friendly
User790,D030,3,2024-11-02 20:02:00,Anti-bacterial
User387,D020,3,2024-11-11 22:07:00,Eco-friendly
User452,D011,1,2024-11-13 15:55:00,Anti-bacterial
User916,D003,2,2024-11-20 12:43:00,Premium
User679,D012,5,2024-11-14 16:22:00,Eco-friendly
User432,D031,1,2024-11-13 17:39:00,Heavy-duty
User933,D002,3,2024-11-27 18:44:00,Heavy-duty
User308,D048,4,2024-11-16 18:43:00,Premium
User1099,D037,2,2024-11-26 15:49:00,Organic
User1037,D031,3,2024-11-17 20:03:00,Premium
User814,D022,5,2024-11-18 21:21:00,Premium
User840,D004,2,2024-11-30 11:32:00,Eco-friendly
User1024,D046,5,2024-11-28 16:53:00,Eco-friendly
User727,D031,2,2024-11-03 20:14:00,Eco-friendly
User574,D039,1,2024-11-03 16:50:00,Organic
User585,D023,2,2024-11-05 12:11:00,Premium
User749,D044,5,2024-11-19 12:16:00,Heavy-duty
User724,D044,5,2024-11-01 14:09:00,Eco-friendly
User1084,D045,2,2024-11-24 22:35:00,Scented
User588,D036,1,2024-11-29 13:38:00,Organic
User640,D031,3,2024-11-02 12:43:00,Premium
User400,D026,5,2024-11-09 22:35:00,Premium
User1199,D048,3,2024-11-05 19:22:00,Organic
User587,D044,4,2024-11-04 20:19:00,Organic
User282,D037,2,2024-11-12 12:21:00,Heavy-duty
User1002,D046,3,2024-11-08 17:44:00,Natural
User1007,D012,4,2024-11-10 14:28:00,Natural
User492,D046,3,2024-11-06 19:42:00,Premium
User1101,D002,1,2024-11-09 23:34:00,Organic
User521,D048,5,2024-11-01 23:53:00,Anti-bacterial
User213,D039,3,2024-11-23 14:19:00,Budget
User335,D001,2,2024-11-02 15:35:00,Eco-friendly
User756,D050,1,2024-11-28 20:45:00,Budget
User741,D008,4,2024-11-14 13:21:00,Heavy-duty
User324,D015,3,2024-11-11 13:52:00,Eco-friendly
User1161,D048,1,2024-11-18 17:59:00,Natural
User616,D014,3,2024-11-21 17:44:00,Eco-friendly
User925,D011,1,2024-11-14 13:36:00,Premium
User1090,D038,2,2024-11-01 12:28:00,Eco-friendly
User942,D009,2,2024-11-27 14:22:00,Premium
User1171,D037,2,2024-11-30 20:17:00,Scented
User902,D018,2,2024-11-02 23:37:00,Budget
User1053,D028,3,2024-11-27 10:48:00,Eco-friendly
User202,D020,2,2024-11-09 13:44:00,Eco-friendly
User482,D038,3,2024-11-20 20:36:00,Premium
User821,D010,3,2024-11-23 19:35:00,Budget
User516,D032,5,2024-11-26 16:51:00,Anti-bacterial
User1130,D008,4,2024-11-17 23:04:00,Heavy-duty
User466,D024,4,2024-11-09 22:55:00,Heavy-duty
User604,D008,2,2024-11-06 19:15:00,Natural
User513,D039,4,2024-11-10 13:40:00,Budget
User1081,D047,3,2024-11-06 16:29:00,Natural
User1068,D004,4,2024-11-08 10:40:00,Organic
User347,D003,1,2024-11-21 17:58:00,Anti-bacterial
User887,D027,2,2024-11-28 21:23:00,Eco-friendly
User222,D029,2,2024-11-14 14:39:00,Organic
User971,D011,5,2024-11-07 16:08:00,Premium
User1153,D020,1,2024-11-02 13:19:00,Budget
User1098,D007,1,2024-11-24 17:19:00,Scented
User1121,D030,4,2024-11-23 12:07:00,Eco-friendly
User921,D045,4,2024-11-03 16:53:00,Scented
User271,D010,4,2024-11-02 17:24:00,Premium
User1001,D049,3,2024-11-15 12:42:00,Scented
User763,D005,2,2024-11-14 20:57:00,Eco-friendly
User889,D004,4,2024-11-04 16:37:00,Eco-friendly
User1022,D038,4,2024-11-29 23:57:00,Heavy-duty
User219,D039,2,2024-11-08 15:41:00,Anti-bacterial
User1144,D019,4,2024-11-22 21:07:00,Heavy-duty
User950,D041,4,2024-11-03 23:08:00,Scented
User743,D045,3,2024-11-28 11:45:00,Anti-bacterial
User496,D037,1,2024-11-30 18:32:00,Eco-friendly
User1158,D025,1,2024-11-05 15:05:00,Premium
User1001,D040,3,2024-11-30 12:17:00,Anti-bacterial
User300,D034,1,2024-11-12 20:38:00,Premium
User425,D042,1,2024-11-02 10:37:00,Scented
User325,D046,2,2024-11-19 17:11:00,Scented
User677,D024,1,2024-11-26 13:03:00,Eco-friendly
User759,D011,5,2024-11-25 11:06:00,Natural
User1027,D032,4,2024-11-13 14:41:00,Heavy-duty
User698,D027,2,2024-11-18 18:53:00,Anti-bacterial
User446,D014,1,2024-11-04 21:28:00,Eco-friendly
User431,D012,3,2024-11-26 17:18:00,Anti-bacterial
User345,D041,4,2024-11-03 22:17:00,Eco-friendly
User503,D011,3,2024-11-05 14:29:00,Budget
User447,D026,5,2024-11-23 19:28:00,Scented
User1094,D034,4,2024-11-28 12:58:00,Heavy-duty
User305,D025,5,2024-11-22 14:19:00,Anti-bacterial
User707,D036,2,2024-11-11 17:08:00,Scented
User833,D034,1,2024-11-07 16:38:00,Budget
User692,D046,5,2024-11-21 17:33:00,Scented
User882,D022,4,2024-11-30 19:17:00,Natural
User1084,D019,2,2024-11-22 22:40:00,Scented
User726,D004,1,2024-11-08 12:45:00,Heavy-duty
User377,D024,1,2024-11-05 17:55:00,Anti-bacterial
User995,D050,5,2024-11-13 17:47:00,Eco-friendly
User1017,D009,1,2024-11-25 21:35:00,Eco-friendly
User711,D019,3,2024-11-24 21:23:00,Natural
User619,D045,3,2024-11-10 16:33:00,Heavy-duty
User547,D011,4,2024-11-08 15:06:00,Premium
User786,D021,5,2024-11-13 20:32:00,Premium
User438,D018,4,2024-11-15 11:41:00,Heavy-duty
User910,D042,1,2024-11-16 23:00:00,Anti-bacterial
User1192,D032,1,2024-11-08 17:46:00,Scented
User253,D036,1,2024-11-05 18:08:00,Anti-bacterial
User862,D017,1,2024-11-19 12:36:00,Anti-bacterial
User569,D033,4,2024-11-26 13:19:00,Eco-friendly
User942,D043,3,2024-11-22 20:18:00,Organic
User297,D013,4,2024-11-26 14:40:00,Budget
User231,D033,1,2024-11-03 23:14:00,Anti-bacterial
User306,D033,2,2024-11-14 11:24:00,Scented
User833,D019,4,2024-11-09 13:44:00,Natural
User431,D046,1,2024-11-19 16:47:00,Eco-friendly
User288,D038,4,2024-11-02 21:55:00,Scented
User908,D044,4,2024-11-28 13:44:00,Premium
User510,D032,3,2024-11-15 13:52:00,Organic
User564,D048,2,2024-11-05 19:22:00,Scented
User684,D032,5,2024-11-19 10:44:00,Eco-friendly
User1171,D002,2,2024-11-17 23:36:00,Heavy-duty
User338,D049,5,2024-11-15 12:49:00,Budget
User919,D011,4,2024-11-24 12:57:00,Heavy-duty
User447,D047,5,2024-11-28 20:47:00,Anti-bacterial
User1130,D015,4,2024-11-23 21:20:00,Budget
User517,D037,1,2024-11-27 16:27:00,Scented
User654,D049,4,2024-11-20 19:05:00,Budget
User565,D033,5,2024-11-07 20:27:00,Anti-bacterial
User216,D035,4,2024-11-19 11:29:00,Scented
User836,D034,4,2024-11-21 17:22:00,Organic
User289,D047,1,2024-11-29 10:34:00,Heavy-duty
User214,D012,5,2024-11-12 15:46:00,Natural
User1014,D014,4,2024-11-18 22:30:00,Natural
User470,D030,3,2024-11-11 21:22:00,Anti-bacterial
User476,D013,5,2024-11-02 18:39:00,Heavy-duty
User955,D039,4,2024-11-30 20:38:00,Anti-bacterial
User978,D050,5,2024-11-10 16:50:00,Eco-friendly
User598,D007,4,2024-11-30 17:13:00,Premium
User303,D010,5,2024-11-04 18:52:00,Heavy-duty
User696,D014,5,2024-11-25 11:02:00,Heavy-duty
User434,D038,2,2024-11-12 21:09:00,Scented
User820,D037,1,2024-11-26 22:15:00,Eco-friendly
User230,D005,1,2024-11-18 13:04:00,Premium
User440,D035,1,2024-11-14 11:12:00,Anti-bacterial
User611,D010,1,2024-11-28 12:36:00,Budget
User394,D005,1,2024-11-10 19:58:00,Budget
User209,D008,3,2024-11-18 10:26:00,Eco-friendly
User713,D028,3,2024-11-03 23:15:00,Scented
User418,D024,2,2024-11-15 13:28:00,Budget
